1,pc,23,sdf,arg,3,
3,santi,60,SANTI.JPG,argentina,5,
4,ak-54,60,foto parque.jpg,argentina,5,
5,ak-54,60,armaAvion.jpg,argentina,5,
6,ak-54,60,armaAvion.jpg,argentina,5,
7,ak-59,60,armaAvion.jpg,argentina,5,
8,ak-59,60,armaAvion.jpg,argentina,5,
9,ak-59,60,armaAvion.jpg,argentina,5,
10,ak-59,60,armaAvion.jpg,argentina,5,
11,ak-59,60,armaAvion.jpg,argentina,5,
12,ak-59,60,armaAvion.jpg,EEUU,5,
13,ak-59,60,armaAvion.jpg,EEUU,5,
14,ak62,69,Sin título.jpg,brasil,4,
15,ak62,69,Sin título.jpg,brasil,4,
16,ak62,69,tecnoholic.jpg,brasil,4,
17,ak62,69,tecnoholic.jpg,brasil,4,
18,ak62,69,tecnoholic.jpg,brasil,4,
19,ak62,69,tecnoholic.jpg,brasil,4,
